"code";"url";"product_name";"packaging";"brand"
"3017627454106";"https://world-fr.openfoodfacts.org/produit/3017627454106";"Calendrier de l'Avent Kinder";"Boîte,Carton,Plastique";"Ferrero, Kinder"
"8000500238899";"https://world-fr.openfoodfacts.org/produit/8000500238899";"Schoko-bons";"sachet,plastique";"Ferrero, Kinder"
"5413548019703";"https://world-fr.openfoodfacts.org/produit/5413548019703";"Kinder surprise";"Carton,Plastique,Aluminium";"Ferrero, Kinder"
"8000500269367";"https://world-fr.openfoodfacts.org/produit/8000500269367";"Kinder Délice";"Plastique,sachet";"Ferrero, Kinder"
"8000500275467";"https://world-fr.openfoodfacts.org/produit/8000500275467";"Kinder Schoko-Bons";"plastique,sachet";"Ferrero, Kinder"
"8000500279823";"https://world-fr.openfoodfacts.org/produit/8000500279823";"Calendrier de l'avent 3D";"carton,plastique";"Ferrero,Kinder"
"40084701";"https://world-fr.openfoodfacts.org/produit/40084701";"Kinder czekoladki";"plastique,carton,21 PAP,82 C/PAP,Karton";"Ferrero,Kinder"
"4008400290829";"https://world-fr.openfoodfacts.org/produit/4008400290829";"Kinder Pingui Chocolat";"Karton,Kunststoff,Frais,Carton,Plastique,stück";"Ferrero,Kinder"
"4008400204628";"https://world-fr.openfoodfacts.org/produit/4008400204628";"Mini Kinder Chocolat";"carton,plastique";"Ferrero,Kinder"
"4008400622224";"https://world-fr.openfoodfacts.org/produit/4008400622224";"Kinder Schoko-Bons";"stück,sachet,plastique, stück";"Ferrero,Kinder"
"80794592";"https://world-fr.openfoodfacts.org/produit/80794592";"Kinder Céréalé";"sachet,plastique";"Ferrero,Kinder"
"8000500119716";"https://world-fr.openfoodfacts.org/produit/8000500119716";"Kinder Pingui";"frais,étui,plastique";"Ferrero,Kinder"
"8000500279724";"https://world-fr.openfoodfacts.org/produit/8000500279724";"Kinder Chocolat";"boîte,carton,film,plastique";"Ferrero,Kinder"
"3017627132509";"https://world-fr.openfoodfacts.org/produit/3017627132509";"Kinder Chocolat (format 32 bâtonnets)";"Plastique,Carton";"Ferrero,Kinder"
"4008400503523";"https://world-fr.openfoodfacts.org/produit/4008400503523";"Kinder calendrier de l’avant";"carton,plastique";"Ferrero,Kinder"
"80052500";"https://world-fr.openfoodfacts.org/produit/80052500";"Kinder Colazione Piú";"sachet,plastique";"Ferrero,Kinder"
"80863069";"https://world-fr.openfoodfacts.org/produit/80863069";"Kinder Brioss";"Plastique";"Kinder"
"80050094";"https://world-fr.openfoodfacts.org/produit/80050094";"Medium bar";"plastique,en:otherPlastic-packet";"Kinder"
"80310891";"https://world-fr.openfoodfacts.org/produit/80310891";"Joy Single Egg with Surprise";"plastique";"Kinder"
"8000500251652";"https://world-fr.openfoodfacts.org/produit/8000500251652";"Kinder Bueno White";"plastique";"Kinder"
"8000500267035";"https://world-fr.openfoodfacts.org/produit/8000500267035";"Délice";"plastique,Plástico";"Kinder"
"5413548280189";"https://world-fr.openfoodfacts.org/produit/5413548280189";"Schoko-Bons";"Sachet,Plastique,PP,♷,Stück, Stück, Stück";"Kinder"
"80761761";"https://world-fr.openfoodfacts.org/produit/80761761";"Kinder Bueno white";"Plastique,PP";"Kinder"
"8000500267103";"https://world-fr.openfoodfacts.org/produit/8000500267103";"Kinder Delice Cacao X10";"sachet,plastique,Petit Format";"Kinder"
"8000500268568";"https://world-fr.openfoodfacts.org/produit/8000500268568";"Kinder bueno coconut";"plastique";"Kinder"
"5020411113439";"https://world-fr.openfoodfacts.org/produit/5020411113439";"Kinder Bueno";"Sachet,plastique";"Kinder"
"8000500289877";"https://world-fr.openfoodfacts.org/produit/8000500289877";"Kinder Schoko-Bons White";"sachet,plastique,Stück, Stück";"Kinder"
"3017620693786";"https://world-fr.openfoodfacts.org/produit/3017620693786";"Bueno";"carton,plastique";"Kinder"
"3017620690969";"https://world-fr.openfoodfacts.org/produit/3017620690969";"Kinder Bueno";"plastique";"Kinder"
"5413548003726";"https://world-fr.openfoodfacts.org/produit/5413548003726";"Kinder Bueno";"Carton,sachet,plastique";"Kinder"
"3017620690464";"https://world-fr.openfoodfacts.org/produit/3017620690464";"Kinder Bueno White";"sachet,plastique";"Kinder"
"3017626904206";"https://world-fr.openfoodfacts.org/produit/3017626904206";"Kinder Bueno";"Sachet,Plastique,Boîte,Carton";"Kinder"
"3017621695055";"https://world-fr.openfoodfacts.org/produit/3017621695055";"Kinder Bueno Mini";"boîte,plastique";"Kinder"
"3017620693809";"https://world-fr.openfoodfacts.org/produit/3017620693809";"Kinder Bueno";"sachet,plastique";"Kinder"
"3017620694066";"https://world-fr.openfoodfacts.org/produit/3017620694066";"Kinder Bueno";"Sachet,plastique,Petit Format";"Kinder"
"8000500166970";"https://world-fr.openfoodfacts.org/produit/8000500166970";"Kinder Bueno White";"Carton,plastique";"Kinder"
"8000500290415";"https://world-fr.openfoodfacts.org/produit/8000500290415";"Kinder Bueno";"sachet,plastique,Grand Format";"Kinder"
"8000500121436";"https://world-fr.openfoodfacts.org/produit/8000500121436";"Kinder Bueno White";"Sachet,Plastique";"Kinder"
"8000500180709";"https://world-fr.openfoodfacts.org/produit/8000500180709";"Kinder Bueno Mini";"Plastique,Sachet,Individuel,Petit Format";"Kinder"
"8000500222751";"https://world-fr.openfoodfacts.org/produit/8000500222751";"Kinder Surprise Infinimix";"Carton,Plastique,papier aluminium,Boîte";"Kinder"
"8000500199985";"https://world-fr.openfoodfacts.org/produit/8000500199985";"Kinder Country";"Plastique,Sachet,Carton";"Kinder"
"8000500127414";"https://world-fr.openfoodfacts.org/produit/8000500127414";"Kinder Bueno White - 390 g";"sachet,plastique,carton";"Kinder"
"8000500214138";"https://world-fr.openfoodfacts.org/produit/8000500214138";"Kinder Bueno Dark";"Plastique";"Kinder"
"3017620691027";"https://world-fr.openfoodfacts.org/produit/3017620691027";"Kinder Bueno";"plastique,carton,pièce";"Kinder"
"3017620713729";"https://world-fr.openfoodfacts.org/produit/3017620713729";"Chocolat";"Carton,Papier,Plastique";"Kinder"
"8000500178478";"https://world-fr.openfoodfacts.org/produit/8000500178478";"Pingui chocolat";"Carton,sachet,plastique,carton";"Kinder"
"8000500229620";"https://world-fr.openfoodfacts.org/produit/8000500229620";"Kinder Country mini";"sachet,plastique";"Kinder"
"4000108037560";"https://world-fr.openfoodfacts.org/produit/4000108037560";"Kinder Bueno";"plastique,sachet";"Kinder"
"3017620694462";"https://world-fr.openfoodfacts.org/produit/3017620694462";"Kinder Bueno";"carton,plastique,Sachet";"Kinder Bueno,Ferrero,Kinder"
"8000500220139";"https://world-fr.openfoodfacts.org/produit/8000500220139";"Kinder Pingui Caramel";"sachet,plastique,frais";"Kinder, Ferrero"
"80310266";"https://world-fr.openfoodfacts.org/produit/80310266";"Kinder country";"Plastique";"Kinder, Ferrero"
"8000500129890";"https://world-fr.openfoodfacts.org/produit/8000500129890";"Mini Eggs";"sachet,plastique";"Kinder, Ferrero"
"5413548015552";"https://world-fr.openfoodfacts.org/produit/5413548015552";"Schoko-Bons - Kinder - 500 g";"sachet,plastique, Familial";"Kinder, Ferrero"
"3017620715273";"https://world-fr.openfoodfacts.org/produit/3017620715273";"Kinder";"plastique,carton";"Kinder, Ferrero"
"8000500119730";"https://world-fr.openfoodfacts.org/produit/8000500119730";"Kinder Pingui Coco";"étui,plastique";"Kinder, Ferrero"
"5413548021119";"https://world-fr.openfoodfacts.org/produit/5413548021119";"Schoko-bons";"Sachet,plastique";"kinder, Ferrero"
"4008400311326";"https://world-fr.openfoodfacts.org/produit/4008400311326";"Maxi Mix";"Carton,plastique";"Kinder, Ferrero"
"5413548280585";"https://world-fr.openfoodfacts.org/produit/5413548280585";"Schoko-Bons";"Sachet,Plastique";"Kinder, Ferrero"
"8000500218488";"https://world-fr.openfoodfacts.org/produit/8000500218488";"Kinder Cards";"carton,sachet,sachet individuel,plastique";"Kinder,CARDS,Ferrero"
"3017627101604";"https://world-fr.openfoodfacts.org/produit/3017627101604";"16 batonnets Chocolat";"Carton,plastique";"Kinder,Ferrero"
"8000500237601";"https://world-fr.openfoodfacts.org/produit/8000500237601";"Calendrier de l'Avent";"carton,plastique";"Kinder,Ferrero"
"8000500242612";"https://world-fr.openfoodfacts.org/produit/8000500242612";"Schoko-Bons";"sachet,plastique";"Kinder,Ferrero"
"4008400260921";"https://world-fr.openfoodfacts.org/produit/4008400260921";"Kinder Country";"Carton,stück,plastique,Petit Format, Riegel, Packung(en)";"Kinder,Ferrero"
"80177616";"https://world-fr.openfoodfacts.org/produit/80177616";"Chocolate bars";"Plastique,Carton";"Kinder,Ferrero"
"8000500020012";"https://world-fr.openfoodfacts.org/produit/8000500020012";"Maxi Kinder Surprise";"Aluminium,Plastique";"Kinder,Ferrero"
"8000500290736";"https://world-fr.openfoodfacts.org/produit/8000500290736";"Pingui coco";"sachet,plastique,frais";"Kinder,Ferrero"
"8000500015803";"https://world-fr.openfoodfacts.org/produit/8000500015803";"Bueno";"sachet,plastique";"Kinder,Ferrero"
"5413548280677";"https://world-fr.openfoodfacts.org/produit/5413548280677";"Schoko-Bons";"Plastique";"Kinder,Ferrero"
"8000500182963";"https://world-fr.openfoodfacts.org/produit/8000500182963";"Chocolat Happy";"Sachet,plastique";"Kinder,Ferrero"
"5413548017914";"https://world-fr.openfoodfacts.org/produit/5413548017914";"Kinder Suprise";"Carton,Aluminium,Plastique";"Kinder,Ferrero"
"8000500033715";"https://world-fr.openfoodfacts.org/produit/8000500033715";"Colazione Più";"plastique,Sachet";"Kinder,Ferrero"
"8000500269206";"https://world-fr.openfoodfacts.org/produit/8000500269206";"Kinder Schoko-Bons";"Sachet,Plastique,Grand Format";"Kinder,Ferrero"
"8000500290903";"https://world-fr.openfoodfacts.org/produit/8000500290903";"Schokobons";"sachet,plastique";"Kinder,Ferrero"
"8000500211625";"https://world-fr.openfoodfacts.org/produit/8000500211625";"Kinder Country Mini";"Sachet,Plastique, Petit Format";"Kinder,Ferrero"
"8000500292488";"https://world-fr.openfoodfacts.org/produit/8000500292488";"Bueno pearls";"sachet,plastique";"Kinder,Ferrero"
"8000500016787";"https://world-fr.openfoodfacts.org/produit/8000500016787";"Bueno";"Plastique";"Kinder,Ferrero"
"8000500189122";"https://world-fr.openfoodfacts.org/produit/8000500189122";"Kinder Maxi Mini";"Etui,Plastique,Petit Format";"Kinder,Ferrero"
"8000500290507";"https://world-fr.openfoodfacts.org/produit/8000500290507";"Bueno White";"sachet,plastique";"Kinder,Ferrero"
"8000500287859";"https://world-fr.openfoodfacts.org/produit/8000500287859";"Schoko-Bons";"sachet,plastique";"Kinder,Ferrero"
"8000500243640";"https://world-fr.openfoodfacts.org/produit/8000500243640";"Eggs Lait & Cacao";"sachet,plastique";"Kinder,Ferrero"
"8000500119785";"https://world-fr.openfoodfacts.org/produit/8000500119785";"Kinder Pingui Chocolat";"étui,carton,plastique";"Kinder,Ferrero"
"4008400818528";"https://world-fr.openfoodfacts.org/produit/4008400818528";"Maxi King";"Plastique,Sachet";"Kinder,Ferrero"
"8000500209806";"https://world-fr.openfoodfacts.org/produit/8000500209806";"Chocolate with cereals";"sachet,plastique";"Kinder,Ferrero"
"5413548021010";"https://world-fr.openfoodfacts.org/produit/5413548021010";"Schoko-Bons";"Sachet,plastique";"Kinder,Ferrero"
"3017627454809";"https://world-fr.openfoodfacts.org/produit/3017627454809";"kinder";"Carton,Plastique";"Kinder,Ferrero"
"8000500160749";"https://world-fr.openfoodfacts.org/produit/8000500160749";"Kinder Joy";"Carton,Plastique";"Kinder,Ferrero"
"5413548280776";"https://world-fr.openfoodfacts.org/produit/5413548280776";"Schoko-Bons";"Sachet,Plastique";"Kinder,Ferrero"
"4008400293028";"https://world-fr.openfoodfacts.org/produit/4008400293028";"Pingui Framboise";"Plastique,Frais";"Kinder,Ferrero"
"8000500142127";"https://world-fr.openfoodfacts.org/produit/8000500142127";"Kinder délice cacao";"Plastique,Carton,Sachet";"Kinder,Ferrero"
"8000500077580";"https://world-fr.openfoodfacts.org/produit/8000500077580";"Kinder bueno";"plastique,étui";"Kinder,Ferrero"
"8000500121467";"https://world-fr.openfoodfacts.org/produit/08000500121467";"Kinder Bueno White";"étui,carton,plastique";"Kinder,Ferrero"
"8000500163269";"https://world-fr.openfoodfacts.org/produit/8000500163269";"Kinder country";"Plastique";"Kinder,Ferrero"
"8001120900326";"https://world-fr.openfoodfacts.org/produit/8001120900326";"Tranche de Lait";"plastique";"Kinder,Ferrero"
"8000500196809";"https://world-fr.openfoodfacts.org/produit/8000500196809";"Mini eggs lait & Noisette";"sachet,plastique";"Kinder,Ferrero"
"8000500292426";"https://world-fr.openfoodfacts.org/produit/8000500292426";"Bueno pearls";"sachet,plastique";"Kinder,Ferrero"
"8000500037430";"https://world-fr.openfoodfacts.org/produit/8000500037430";"Bueno";"sachet,plastique";"Kinder,Ferrero"
"8000500003640";"https://world-fr.openfoodfacts.org/produit/8000500003640";"Eggs lait & cacao";"sachet,plastique";"Kinder,Ferrero"
"5413548018201";"https://world-fr.openfoodfacts.org/produit/5413548018201";"Schoko-Bons";"Plastique";"Kinder,Ferrero"
"1611144";"https://world-fr.openfoodfacts.org/produit/01611144";"Schoko-bons";"Plastique,individuel";"Kinder,Ferrero"
"2000000028573";"https://world-fr.openfoodfacts.org/produit/2000000028573";"Happy Hippo Cacao";"Plastique";"Kinder,Ferrero"
"8000500184608";"https://world-fr.openfoodfacts.org/produit/8000500184608";"Calendrier de l'Avent";"Carton,Plastique";"Kinder,Ferrero"
"8000500256534";"https://world-fr.openfoodfacts.org/produit/8000500256534";"Kinder Cards Céréales";"carton,sachet,plastique";"Kinder,Ferrero,CARDS"
"8000500256658";"https://world-fr.openfoodfacts.org/produit/8000500256658";"Kinder Cards Noisette";"carton,sachet,plastique";"Kinder,Ferrero,CARDS"
"4008400562025";"https://world-fr.openfoodfacts.org/produit/4008400562025";"Kinder Calendrier Avent Happy";"carton,plastique";"Kinder,Ferrero,Ferrero France"
"3017620721755";"https://world-fr.openfoodfacts.org/produit/3017620721755";"Kinder Country - 14+2 barres";"Carton,sachet,plastique";"Kinder,Ferrero,Kinder Country"
"80176831";"https://world-fr.openfoodfacts.org/produit/80176831";"Kinder Country - 9 barres";"Boîte,Carton,Sachet,Plastique,Individuel,boîte";"Kinder,Ferrero,Kinder Country"
"8000500015711";"https://world-fr.openfoodfacts.org/produit/8000500015711";"Kinder Country - 6 barres";"Plastique,Sachet";"Kinder,Ferrero,Kinder Country"
"5413548016382";"https://world-fr.openfoodfacts.org/produit/5413548016382";"Schoko-bons";"Sachet,plastique,sachet";"Kinder,Ferrero,Schoko-bons"
"3017626998106";"https://world-fr.openfoodfacts.org/produit/3017626998106";"Kinder Bueno";"Plastique,Sachets fraicheurs";"Kinder,Kinder Bueno,Ferrero"
"8000500241707";"https://world-fr.openfoodfacts.org/produit/8000500241707";"Kinder Country";"carton,boîte,plastique,Karton, Packung(en)";"Kinder,Kinder Country,Ferrero"
"8714100907306";"https://world-fr.openfoodfacts.org/produit/8714100907306";"KINDER Glace Sandwich Céréales et Lait";"carton,surgelé,plastique, Stück, stück, stück, stück, Stück";"Kinder,Miko,Unilever"
"3228850004055";"https://world-fr.openfoodfacts.org/produit/3228850004055";"100 % Mie Complet Sans Croûte - Offre économique ";"Sachet plastique,Clip souple métal plastique";"Harrys,Barilla"
"3228850009074";"https://world-fr.openfoodfacts.org/produit/3228850009074";"100 % Mie Nature Sans Croûte - Maxi Format ";"Sachet plastique,Clip souple métal plastique";"Harrys,Barilla"
"13335656";"https://world-fr.openfoodfacts.org/produit/13335656";"5 cereales au riz complet";"carton";"Barilla"
"2000000048860";"https://world-fr.openfoodfacts.org/produit/2000000048860";"Abbracci";"carta";"Mulino Bianco,Barilla"
"2000000048859";"https://world-fr.openfoodfacts.org/produit/2000000048859";"Abbracci";"carta";"Mulino Bianco,Barilla"
"8076809500319";"https://world-fr.openfoodfacts.org/produit/8076809500319";"Abbracci con cacao e panna fresca";"carta";"Mulino bianco,Barilla"
"8076809525220";"https://world-fr.openfoodfacts.org/produit/8076809525220";"Amatriciana";"bocal,verre, vasetto";"Barilla"
"3228850003201";"https://world-fr.openfoodfacts.org/produit/3228850003201";"American Sandwich 100% Mie Nature";"sachet,plastique";"Barilla"
"3228850004031";"https://world-fr.openfoodfacts.org/produit/3228850004031";"American Sandwich Complet";"Sachet plastique,Clip souple métal plastique";"Harrys,Barilla"
"3228850004079";"https://world-fr.openfoodfacts.org/produit/3228850004079";"American Sandwich Complet - Maxi Format - Offre économique";"Sachet plastique,Clip souple métal plastique";"Harrys,Barilla"
"3228850004062";"https://world-fr.openfoodfacts.org/produit/3228850004062";"American Sandwich Complet - Offre économique ";"Sachet plastique,Clip souple métal plastique";"Harrys,Barilla"
"8076809578233";"https://world-fr.openfoodfacts.org/produit/8076809578233";"Arrabbiata";"vetro,metallo";"Barilla"
"8076809538473";"https://world-fr.openfoodfacts.org/produit/8076809538473";"ARRABIATA";"TARRO,VIDRIO";"BARILLA"
"8076809517706";"https://world-fr.openfoodfacts.org/produit/8076809517706";"Baiocchi";"Sachet, Plastique";"Mulino Bianco, Barilla"
"80418085";"https://world-fr.openfoodfacts.org/produit/80418085";"Baiocchi";"plastique,sachet";"Mulino Bianco,Barilla"
"76200038";"https://world-fr.openfoodfacts.org/produit/76200038";"Barilla";"box";"Barilla"
"8076809545792";"https://world-fr.openfoodfacts.org/produit/8076809545792";"Barilla Bavette N. 13";"carton";"Barilla"
"8076809544597";"https://world-fr.openfoodfacts.org/produit/8076809544597";"Barilla Egg Tagliatelle Bianca";"plastica";"Barilla"
"8076809515313";"https://world-fr.openfoodfacts.org/produit/8076809515313";"Barilla Estrellita";"Bolsa de plastico";"Barilla"
"8076800000139";"https://world-fr.openfoodfacts.org/produit/8076800000139";"BARILLA FARFALLE Pasta di semola di grano duro";"astuccio,cartoncino";"barilla"
"8076809513029";"https://world-fr.openfoodfacts.org/produit/8076809513029";"Barilla Fideo No. 0";"Bolsa de palstico";"Barilla"
"8076802085851";"https://world-fr.openfoodfacts.org/produit/8076802085851";"Barilla Gnocchi";"Cardboard Box, Karton";"Barilla"
"7076848529457";"https://world-fr.openfoodfacts.org/produit/7076848529457";"Barilla Integrale Fussili";"Karton";"Barilla"
"8076809543354";"https://world-fr.openfoodfacts.org/produit/8076809543354";"Barilla Lasagne Sottili 500g";"cartone";"Barilla"
"8076809513715";"https://world-fr.openfoodfacts.org/produit/8076809513715";"Barilla Olive";"Glas,glas, bocal verre";"Barilla, Kalkof"
"8076809530859";"https://world-fr.openfoodfacts.org/produit/8076809530859";"Barilla Piadelle GR. 300";"plastica";"Mulino Bianco,Barilla"
"8076809540483";"https://world-fr.openfoodfacts.org/produit/8076809540483";"Barilla Spaghettini 3";"Plastica";"Barilla"
"8076809532907";"https://world-fr.openfoodfacts.org/produit/8076809532907";"Barilla Specialita'orecchiette GR. 500";"pacchetto";"Barilla"
"76808501124";"https://world-fr.openfoodfacts.org/produit/0076808501124";"Barilla, enriched macaroni product large shells";"box";"Barilla,Barilla America  Inc."
"895059000619";"https://world-fr.openfoodfacts.org/produit/0895059000619";"Barilla, lasagne";"Box,box";"Barilla,  Barilla America  Inc."
"76808280982";"https://world-fr.openfoodfacts.org/produit/0076808280982";"Barilla, rotini pasta, enriched macaroni product";"box";"Barilla"
"76808004212";"https://world-fr.openfoodfacts.org/produit/0076808004212";"Barilla, veggie elbows";"box";"Barilla"
"8076809575225";"https://world-fr.openfoodfacts.org/produit/8076809575225";"Barre de céréales - noisette et chocolat fondant";"carton,plastique";"Gran Cereale,mulino bianco,barilla"
"8076809513654";"https://world-fr.openfoodfacts.org/produit/8076809513654";"Base per Bolognese";"bocal,verre,métal,Glas, Produkt";"Barilla"
"8076809513739";"https://world-fr.openfoodfacts.org/produit/8076809513739";"Basilico";"GL70,FE40";"Barilla"
"8076809536646";"https://world-fr.openfoodfacts.org/produit/8076809536646";"Basilico";"dose";"Barilla"
"2000000048862";"https://world-fr.openfoodfacts.org/produit/2000000048862";"batticuori";"carta";"Mulino Bianco,Barilla"
"2000000048861";"https://world-fr.openfoodfacts.org/produit/2000000048861";"batticuori";"carta";"Mulino Bianco,Barilla"
"3228850008176";"https://world-fr.openfoodfacts.org/produit/3228850008176";"Beau & Bon Brioche tranchée - Eclats de chocolat au lait praliné  ";"Sachet plastique";"Harrys,Barilla"
"8076809570657";"https://world-fr.openfoodfacts.org/produit/8076809570657";"BIO EKO spaghetti n.5";"carton,plastique";"Barilla"
"8076809507172";"https://world-fr.openfoodfacts.org/produit/8076809507172";"Biscuits fourrés aux noisettes et cacao";"Sachet,Papier";"Mulino Bianco,Barilla"
"8076809540124";"https://world-fr.openfoodfacts.org/produit/8076809540124";"Biscuits Gran Cereale Classico 4 céréales";"fr:plastique, product";"Mulino Bianco,Barilla, Gran Cereale"
"8076809546348";"https://world-fr.openfoodfacts.org/produit/8076809546348";"Bolognese champignons et cèpes Barilla";"bocal verre,couvercle métal";"Barilla"
"8076809546355";"https://world-fr.openfoodfacts.org/produit/8076809546355";"Bolognese Verdure Méditerranée Barilla";"bocal verre,couvercle métal";"Barilla"
"3228850003263";"https://world-fr.openfoodfacts.org/produit/3228850003263";"Brioche Tranchée 5 Céréales ";"Sachet plastique";"Harrys,Barilla"
"3228850000965";"https://world-fr.openfoodfacts.org/produit/3228850000965";"Brioche Tranchée Gourmande  ";"Sachet plastique";"Harrys,Barilla"
"3228850001238";"https://world-fr.openfoodfacts.org/produit/3228850001238";"Brioche Tranchée la recette Originale";"Sachet plastique,Clip souple métal plastique";"Harrys,Barilla"
"3228850003942";"https://world-fr.openfoodfacts.org/produit/3228850003942";"Brioche Tranchée la recette Originale - Format Familial ";"Sachet plastique";"Harrys,Barilla"
"3228851000872";"https://world-fr.openfoodfacts.org/produit/3228851000872";"Brioche Tranchée Light";"Sachet plastique,Clip souple métal plastique,plastique,sachet";"Harrys,Barilla"
"3228851000254";"https://world-fr.openfoodfacts.org/produit/3228851000254";"Brioche Tressée ";"Clip souple métal plastique,Sachet,Plastique";"Harrys,Barilla"
"3228857000159";"https://world-fr.openfoodfacts.org/produit/3228857000159";"Brioche tressée à la main au sucre perlé";"Sachet,Plastique";"Harrys,Barilla"
"8076809517966";"https://world-fr.openfoodfacts.org/produit/8076809517966";"Brot";"plastica";"Barilla,Mulino Bianco"
"8076809574747";"https://world-fr.openfoodfacts.org/produit/8076809574747";"Buongrano";"sacchetto";"Mulino Bianco, Barilla"
"76808514339";"https://world-fr.openfoodfacts.org/produit/0076808514339";"Campanelle pasta, enriched macaroni product";"Box";"Barilla, Barilla America  Inc."
"8076809530002";"https://world-fr.openfoodfacts.org/produit/8076809530002";"Canestrini";"Carta/Aluminio";"Barilla"
"8076809574990";"https://world-fr.openfoodfacts.org/produit/8076809574990";"Casarecce de pois chiches";"Boite en carton,sec";"Barilla"
"8076809543941";"https://world-fr.openfoodfacts.org/produit/8076809543941";"Cavatelli Pugliesi";"Boîte,Carton";"Barilla,La Collezione d'Italia"
"8076809537100";"https://world-fr.openfoodfacts.org/produit/8076809537100";"Cellentani n. 297";"Boîte,Carton";"Barilla"
"8076809545549";"https://world-fr.openfoodfacts.org/produit/8076809545549";"Chicche Cacao";"carta";"Mulino Bianco,Barilla"
"8076809577540";"https://world-fr.openfoodfacts.org/produit/8076809577540";"Cioccofrolle";"plastica";"Barilla,Mulino Bianco"
"8076809503051";"https://world-fr.openfoodfacts.org/produit/8076809503051";"Classico";"sachet,papier";"Mulino Bianco,Barilla"
"8076809513067";"https://world-fr.openfoodfacts.org/produit/8076809513067";"Codo No. 2";"Bolsa de plastico";"Barilla"
"8076809501415";"https://world-fr.openfoodfacts.org/produit/8076809501415";"Collection Mezze Pens Tricolore";"Boîte,Carton";"Barilla"
"8076809545778";"https://world-fr.openfoodfacts.org/produit/8076809545778";"Collezione Garganelli Bolognesi";"Carton";"Barilla"
"8076809523738";"https://world-fr.openfoodfacts.org/produit/8076809523738";"Collezione Lasagne Bolognesi";"empaque de Cartón,cartone,Packung(en),Karton, empaque de Cartón, empaque de Cartón, empaque de Cartón, empaque de Cartón, Produkt";"Barilla"
"8076802085936";"https://world-fr.openfoodfacts.org/produit/8076802085936";"Conchiglie Rigate";"Boîte,Carton, pacchetto";"Barilla,La Collezione d'Italia"
"9234111808076";"https://world-fr.openfoodfacts.org/produit/9234111808076";"Coquillettes n. 32 ";"Boîte,Carton";"Barilla"
"8076809545488";"https://world-fr.openfoodfacts.org/produit/8076809545488";"Coquillettes sans gluten";"Carton,boîte";"Barilla"
"8076800315318";"https://world-fr.openfoodfacts.org/produit/8076800315318";"Corallini";"Boite en carton";"barilla"
"8076809574334";"https://world-fr.openfoodfacts.org/produit/8076809574334";"Cornettes";"Carton, Karton";"Barilla"
"2000000049657";"https://world-fr.openfoodfacts.org/produit/2000000049657";"Cornetti albicocca";"carta";"Mulino bianco,Barilla"
"8076809573177";"https://world-fr.openfoodfacts.org/produit/8076809573177";"Cornetti con lievito madre";"plastica,carta";"Barilla"
"8076809570459";"https://world-fr.openfoodfacts.org/produit/8076809570459";"Cracker Riso & Rosmarino";"Plastica,Carta";"Mulino Bianco,Barilla"
"8076809516631";"https://world-fr.openfoodfacts.org/produit/8076809516631";"Cracker salati";"cartone,plastica";"barilla,mulino bianco"
"2000000051652";"https://world-fr.openfoodfacts.org/produit/2000000051652";"Cracker Sfoglia di grano Mulino Bianco integrali";"Plastica";"Barilla,Mulino Bianco"
"8076802085455";"https://world-fr.openfoodfacts.org/produit/8076802085455";"DITALI LISCI";"item";"Barilla"
"8076800315479";"https://world-fr.openfoodfacts.org/produit/8076800315479";"Ditalini rigati n";"carta";"Barilla"
"3228850001382";"https://world-fr.openfoodfacts.org/produit/3228850001382";"DooWap aux pépites de chocolat";"Sachet plastique,Sachets individuels";"Harrys,Barilla"
"8076809515115";"https://world-fr.openfoodfacts.org/produit/8076809515115";"Emiliane - Tortelloni con Ricotta e Spinachi";"sachet,papier";"Barilla"
"8076809519649";"https://world-fr.openfoodfacts.org/produit/8076809519649";"Emiliane CANNELLONI";"Scatola,Carta, cartone";"Barilla"
"8076809515382";"https://world-fr.openfoodfacts.org/produit/8076809515382";"Emiliane fettuccine";"Carton,Box";"Barilla"
"8076809515399";"https://world-fr.openfoodfacts.org/produit/8076809515399";"Emiliane tagliatelle all'uovo";"plastico";"Barilla"
"8076809522977";"https://world-fr.openfoodfacts.org/produit/8076809522977";"Emiliane Tortellini Prosciutto crudo";"packung(en)";"Barilla"
"76808514377";"https://world-fr.openfoodfacts.org/produit/0076808514377";"Enriched macaroni product, cellentani";"box";"Barilla,  Barilla America  Inc."
"76808506433";"https://world-fr.openfoodfacts.org/produit/0076808506433";"Enriched macaroni product, gemelli";"box";"Barilla,  Barilla America  Inc."
"76808502954";"https://world-fr.openfoodfacts.org/produit/0076808502954";"Enriched macaroni product, mezze penne n.369";"box";"Barilla"
"76808002386";"https://world-fr.openfoodfacts.org/produit/0076808002386";"Enriched pasta with veggies, penne";"box";"Barilla"
"76808003055";"https://world-fr.openfoodfacts.org/produit/0076808003055";"Enriched pasta with white fiber, spaghetti";"Box";"Barilla,  Barilla America  Inc."
"8076808060654";"https://world-fr.openfoodfacts.org/produit/8076808060654";"Farfalle";"Boîte,Carton,Karton,Sachet plastique,empaque de Cartón,bouteille,box, Packung(en), boîte, boîte, boîte, boîte";"Barilla"
"86766678";"https://world-fr.openfoodfacts.org/produit/86766678";"farfalle";"carton";"barilla"
"8076809545877";"https://world-fr.openfoodfacts.org/produit/8076809545877";"Farfalle";"Boîte,Carton,sachet";"Academia Barilla,Barilla"
"8076809545785";"https://world-fr.openfoodfacts.org/produit/8076809545785";"Farfalle 1KG Vorteilspack Barilla";"boîte, boîte";"Barilla"
"8076809536080";"https://world-fr.openfoodfacts.org/produit/8076809536080";"Farfalle n. 65 (Lot x 3)";"Boîte,Carton,100 % recyclable,Film plastique";"Barilla"
"76808501087";"https://world-fr.openfoodfacts.org/produit/0076808501087";"Farfalle pasta, enriched macaroni product";"Box";"Barilla,Barilla America  Inc."
"8076809544092";"https://world-fr.openfoodfacts.org/produit/8076809544092";"Farfalle Tricolore n. 165";"Boîte,Carton";"Barilla"
"8076802795019";"https://world-fr.openfoodfacts.org/produit/8076802795019";"Farina tipo";"Carta";"Barilla"
"8076809574402";"https://world-fr.openfoodfacts.org/produit/8076809574402";"Farina tipo tipo manitoba";"Produkt";"Barilla"
"8076809572910";"https://world-fr.openfoodfacts.org/produit/8076809572910";"Farro";"plastica,carta";"Barilla"
"8076809512084";"https://world-fr.openfoodfacts.org/produit/8076809512084";"Fette Biscottate al Malto d'Orzo ";"Plastica,cartam incarto interno con etichetta";"Barilla"
"76808006254";"https://world-fr.openfoodfacts.org/produit/0076808006254";"Fettuccine";"Box,Carton";"Barilla"
"76808537024";"https://world-fr.openfoodfacts.org/produit/0076808537024";"Fettuccine";"boîte";"Barilla"
"8076809531351";"https://world-fr.openfoodfacts.org/produit/8076809531351";"Fetuccine";"Empaque de plastico";"Barilla"
"8076809573740";"https://world-fr.openfoodfacts.org/produit/8076809573740";"Fleisch & Rosemarin Tortellini";"Plastic,Box,Paper,Schachtel,Papier";"Barilla"
"80417927";"https://world-fr.openfoodfacts.org/produit/80417927";"Focaccelle con olio extravergine di oliva";"Plastica";"Mulino Bianco,Barilla"
"8076809546478";"https://world-fr.openfoodfacts.org/produit/8076809546478";"Focaccelle con Olio extravergine du oliva";"sachet,plastique";"Mulino Bianco,Barilla"
"80417910";"https://world-fr.openfoodfacts.org/produit/80417910";"Focaccelle con olive nere";"Plastica";"Barilla,Mulino Bianco"
"8076809573993";"https://world-fr.openfoodfacts.org/produit/8076809573993";"Frollini";"sacchetto";"Barilla"
"80874676";"https://world-fr.openfoodfacts.org/produit/80874676";"Frollini al cioccolato e riso";"plastica";"Mulino Bianco,Barilla"
"8076809570442";"https://world-fr.openfoodfacts.org/produit/8076809570442";"Frollini Au Miel Millefleurs Sans Gluten";"Plastica,Carta";"Mulino Bianco,Barilla"
"8076809575072";"https://world-fr.openfoodfacts.org/produit/8076809575072";"Funghi con porcini";"Plastik";"Barilla"
"8076809542425";"https://world-fr.openfoodfacts.org/produit/8076809542425";"Fusilli alle Verdure (Fusilli aux légumes)";"Barquettes plastique PP5,Film de fermeture Others 7,Emballage carton PAP 21,Sous atmosphère protectrice";"Barilla"
"8076809529457";"https://world-fr.openfoodfacts.org/produit/8076809529457";"Fusilli Complets";"carton,boîte,plastique, Karton";"Barilla"
"8076809574983";"https://world-fr.openfoodfacts.org/produit/8076809574983";"Fusilli de lentilles corail";"Boite en carton";"Barilla"
"8076809575140";"https://world-fr.openfoodfacts.org/produit/8076809575140";"Fusilli de lentilles corail";"sec,carton";"Barilla"
"8076809531191";"https://world-fr.openfoodfacts.org/produit/8076809531191";"Fusilli Integrali";"carton,boîte";"Barilla"
"8076809538718";"https://world-fr.openfoodfacts.org/produit/8076809538718";"Fusilli n.98";"plastique";"Barilla"
"8076800105988";"https://world-fr.openfoodfacts.org/produit/8076800105988";"Fusilli n°";"Karton";"Barilla"
"8076800035988";"https://world-fr.openfoodfacts.org/produit/8076800035988";"Fusilli nº 98";"Plastica,LDPE4";"Barilla"
"8076809545464";"https://world-fr.openfoodfacts.org/produit/8076809545464";"Fusilli senza glutine";"cartone, carton";"Barilla"
"8076809542418";"https://world-fr.openfoodfacts.org/produit/8076809542418";"Gemelli Alla Bolognese";"Barquettes plastique PP5,Film de fermeture Others 7,Emballage carton PAP 21,Sous atmosphère protectrice";"Barilla"
"8076809544078";"https://world-fr.openfoodfacts.org/produit/8076809544078";"Gemelli pomodoro e ricotta (Sauce tomate et ricotta)";"Barquettes plastique PP5,Film de fermeture Others 7,Emballage carton PAP 21";"Barilla"
"8076809512268";"https://world-fr.openfoodfacts.org/produit/8076809512268";"Girandole Torsades n. 34";"Emballage,packet,boîte,Packung(en),Karton";"Barilla"
"8076809542548";"https://world-fr.openfoodfacts.org/produit/8076809542548";"Girotondi";"carta";"Mulino Bianco,Barilla"
"8076809542555";"https://world-fr.openfoodfacts.org/produit/8076809542555";"Girotondi";"sachet,papier";"Barilla,Barilla Mulino Bianco"
"76208003907";"https://world-fr.openfoodfacts.org/produit/0076208003907";"Gluten Free Rotini";"card carton";"Barilla"
"8076809512466";"https://world-fr.openfoodfacts.org/produit/8076809512466";"Gnocchetti Sardi";"Boîte,Carton,boîte";"Barilla,La Collezione d'Italia"
"8013355999143";"https://world-fr.openfoodfacts.org/produit/8013355999143";"Gocciole chocolate Pavesi";"sacchetto carta";"Pavesi,barilla"
"8013355500851";"https://world-fr.openfoodfacts.org/produit/8013355500851";"Gocciole wild";"paquet";"Barilla, Pavesi"
"8076809528689";"https://world-fr.openfoodfacts.org/produit/8076809528689";"Gorgonzola Ricetta Speciale";"Glas";"Barilla"
"8076809577519";"https://world-fr.openfoodfacts.org/produit/8076809577519";"Gran Cereale";"carton plastique";"Barilla,Mulino Bianco, Gran Cereale"
"8076809542166";"https://world-fr.openfoodfacts.org/produit/8076809542166";"Gran cereale";"Plastica";"Barilla"
"8076809577502";"https://world-fr.openfoodfacts.org/produit/8076809577502";"Gran Cereale - semi di zucca e quinoa soffiata";"carton,plastique";"Mulino Bianco,Barilla"
"8076809529648";"https://world-fr.openfoodfacts.org/produit/8076809529648";"Gressins Friabili Classiques";"carton,boîte,plastique";"Barilla"
"3228850006035";"https://world-fr.openfoodfacts.org/produit/3228850006035";"Harrys pain de mie longue conservation nature";"Sachet,plastique";"Harrys,Barilla"
"8076804394845";"https://world-fr.openfoodfacts.org/produit/8076804394845";"Il Biscotto - Pan di Stelle";"sachet,plastique";"Barilla"
"8076809575515";"https://world-fr.openfoodfacts.org/produit/8076809575515";"Integrale fusilli";"Cartone";"Barilla"
"8076809512107";"https://world-fr.openfoodfacts.org/produit/8076809512107";"ITALIAN FETTE BISCOTTATE UK - MULINO BIANCO FETTE DORATE 80 G.";"plastica";"Mulino Bianco,Barilla"
"3522226";"https://world-fr.openfoodfacts.org/produit/03522226";"Kekse mit Kakaofüllung (33%)";"aluminium";"Mulino Bianco,Barilla"
"8076800376999";"https://world-fr.openfoodfacts.org/produit/8076800376999";"Lasagne all'uovo";"Boîte,Carton";"Barilla"
"8076800000085";"https://world-fr.openfoodfacts.org/produit/8076800000085";"Lasagnette";"Cartone";"Barilla"
"8076809573016";"https://world-fr.openfoodfacts.org/produit/8076809573016";"Legumotti";"carton";"Barilla"
"8076800195132";"https://world-fr.openfoodfacts.org/produit/8076800195132";"Linguine";"carton,cartone,Karton, sachet";"Barilla"
"8076809536851";"https://world-fr.openfoodfacts.org/produit/8076809536851";"Lot 2 sauces arrabbiata";"pot en verre";"Barilla"
"8076809537995";"https://world-fr.openfoodfacts.org/produit/8076809537995";"Lot 2 sauces Pesto Genovese";"carton,verre,métal,bocal";"Barilla"
"8076809538008";"https://world-fr.openfoodfacts.org/produit/8076809538008";"Lot 2 sauces Pesto Rosso";"carton,bocal verre,couvercle métal";"Barilla"
"8076809544825";"https://world-fr.openfoodfacts.org/produit/8076809544825";"Lot 2 sauces provençale";"carton,bocal verre,couvercle métal";"Barilla"
"8076809536868";"https://world-fr.openfoodfacts.org/produit/8076809536868";"Lot 2 sauces tomate basilic";"Pots,Verre,Carton";"Barilla"
"8076809534390";"https://world-fr.openfoodfacts.org/produit/8076809534390";"Lot pâtes Capellini x3";"Boîte,Carton 100 % recyclable,Film plastique";"Barilla"
"8076809534659";"https://world-fr.openfoodfacts.org/produit/8076809534659";"Lot pâtes Coquillettes x3";"boîte";"Barilla"
"8076809543309";"https://world-fr.openfoodfacts.org/produit/8076809543309";"Lot pâtes Fusilli x3";"carton";"Barilla"
"8076809574846";"https://world-fr.openfoodfacts.org/produit/8076809574846";"Lot pâtes Fusilli x3";"carton";"Barilla"
"8076809547390";"https://world-fr.openfoodfacts.org/produit/8076809547390";"Lot pâtes Linguine x2";"boite carton";"Barilla"
"8076809573290";"https://world-fr.openfoodfacts.org/produit/8076809573290";"Lot pâtes Spaghetti x3";"carton, sachet";"Barilla"
"8076800315103";"https://world-fr.openfoodfacts.org/produit/8076800315103";"Macaroni Long";"Karton, Produkt";"Barilla"
"7076848514422";"https://world-fr.openfoodfacts.org/produit/7076848514422";"Maccheroni n. 44";"Boîte,Carton";"Barilla"
"8076809542975";"https://world-fr.openfoodfacts.org/produit/8076809542975";"Mafalde Corte Napoletane ";"Boîte,Carton";"Barilla,La Collezione d'Italia"
"8076809523769";"https://world-fr.openfoodfacts.org/produit/8076809523769";"Makaron Barilla Tagliat.paglia 500G.IMP.";"Produkt";"Barilla"
"76808517989";"https://world-fr.openfoodfacts.org/produit/0076808517989";"Medium shells pasta";"Box";"Barilla,Barilla America  Inc."
"8076802085844";"https://world-fr.openfoodfacts.org/produit/8076802085844";"Mezze maniche rigate n";"packung(en)";"Barilla"
"8076800035841";"https://world-fr.openfoodfacts.org/produit/8076800035841";"Mezze maniche rigate n°84";"Plastique";"Barilla"
"8076802085707";"https://world-fr.openfoodfacts.org/produit/8076802085707";"Mezze penne rigate n°";"carta";"Barilla"
"8076800105704";"https://world-fr.openfoodfacts.org/produit/8076800105704";"Mezze penne rigate n°";"Boîte,carton,plastique";"Barilla"
"8076809539289";"https://world-fr.openfoodfacts.org/produit/8076809539289";"Mini Farfalle aux Carottes et Potiron Piccolini";"Boîte,Carton";"Barilla,Barilla Piccolini"
"8076809577793";"https://world-fr.openfoodfacts.org/produit/8076809577793";"Mini fette con cioccolato al latte";"PP 5,Plastica";"Mulino Bianco,Barilla"
"8076809523516";"https://world-fr.openfoodfacts.org/produit/8076809523516";"Mini Gnocchi Piccolini";"Boîte,Carton";"Barilla,Barilla Piccolini"
"8076809539326";"https://world-fr.openfoodfacts.org/produit/8076809539326";"Mini Penne Rigate aux Courgettes et Épinards Piccolini";"Boîte,Carton";"Barilla,Barilla Piccolini"
"8076809570497";"https://world-fr.openfoodfacts.org/produit/8076809570497";"Mini tortigloni";"Bolsa de plastico";"Barilla"
"8076809573214";"https://world-fr.openfoodfacts.org/produit/8076809573214";"Mix 5 céréales";"carton";"Barilla"
"8076809544504";"https://world-fr.openfoodfacts.org/produit/8076809544504";"Molinetti";"C/Pap 81";"Barilla,Mulino Bianco"
"8076809568975";"https://world-fr.openfoodfacts.org/produit/8076809568975";"Mulino B. cereali Classici GR. 330";"carta";"Barilla"
"8076809547536";"https://world-fr.openfoodfacts.org/produit/8076809547536";"Mulino B. pan Di Stelle Mooncake GR. 210";"carta";"Barilla"
"8076809542005";"https://world-fr.openfoodfacts.org/produit/8076809542005";"Mulino B. primizie GR. 700 Rustici";"Carta";"Barilla"
"8076809542760";"https://world-fr.openfoodfacts.org/produit/8076809542760";"Mulino B. trancino GR. 396";"Produkt";"Barilla"
"80960126";"https://world-fr.openfoodfacts.org/produit/80960126";"Mulino bianco";"plastica";"Mulino Bianco,Barilla"
"51971021";"https://world-fr.openfoodfacts.org/produit/51971021";"Mulino Bianco";"paquet";"Barilla"
"8076809568357";"https://world-fr.openfoodfacts.org/produit/8076809568357";"Mulino Bianco Granbauletto Rustico";"plastic bag";"Barilla, Granbauletto"
"76808533576";"https://world-fr.openfoodfacts.org/produit/0076808533576";"Multigrain pasta, spaghetti";"Box";"Barilla"
"8076809571999";"https://world-fr.openfoodfacts.org/produit/8076809571999";"Nascondini";"papel";"Barilla"
"8076809574693";"https://world-fr.openfoodfacts.org/produit/8076809574693";"Nastrine integrale";"plastica";"Barilla,Mulino bianco"
"8076809512275";"https://world-fr.openfoodfacts.org/produit/8076809512275";"Nouilles n°62";"Carton";"Barilla"
"8076809574327";"https://world-fr.openfoodfacts.org/produit/8076809574327";"Nouillettes";"Schachtel";"Barilla"
"8076800105834";"https://world-fr.openfoodfacts.org/produit/8076800105834";"Nudeln - Tortiglioni";"carton";"barilla"
"8076809512459";"https://world-fr.openfoodfacts.org/produit/8076809512459";"Nudeln, Gemelli";"Produkt, Karton";"Barilla"
"3228850006462";"https://world-fr.openfoodfacts.org/produit/3228850006462";"Pain americain sandwich";"fr:Sachet en plastique";"Barilla"
"3228850002822";"https://world-fr.openfoodfacts.org/produit/3228850002822";"Pain de mie Céréales & Graines";"plastique,sachet";"Harrys,Barilla"
"5817223";"https://world-fr.openfoodfacts.org/produit/05817223";"Pan Bauletto Bianco";"sacchetto";"Mulino Bianco,Barilla"
"8076809504751";"https://world-fr.openfoodfacts.org/produit/8076809504751";"Pan bauletto integrale";"Plastic";"Barilla,mulino bianco"
"2000000052715";"https://world-fr.openfoodfacts.org/produit/2000000052715";"pan carrè Mulino Bianco";"carta";"Mulino Bianco,Barilla"
"8076809574075";"https://world-fr.openfoodfacts.org/produit/8076809574075";"Pan di stelle";"sachet";"Barilla"
"8076809542753";"https://world-fr.openfoodfacts.org/produit/8076809542753";"Pan Goccioli";"Sachet,plastique";"Mulino Bianco,Barilla, Barilla Mulino Bianco"
"8076809529679";"https://world-fr.openfoodfacts.org/produit/8076809529679";"Pangrattato";"plastica";"Mulino Bianco,Barilla"
"8076809572187";"https://world-fr.openfoodfacts.org/produit/8076809572187";"Pangri";"plastica";"Barilla"
"2000000052725";"https://world-fr.openfoodfacts.org/produit/2000000052725";"pangrì Mulino Bianco";"carta";"Mulino Bianco,Barilla"
"8076808201293";"https://world-fr.openfoodfacts.org/produit/8076808201293";"Pâtes aux oeufs Tagliatelle";"Boîte,Carton, sachet";"Barilla"
"8076800315097";"https://world-fr.openfoodfacts.org/produit/8076800315097";"Pâtes Bucatini";"Carton,paquet";"Barilla"
"8076808070882";"https://world-fr.openfoodfacts.org/produit/8076808070882";"Pâtes Cannelloni";"boite,carton,boite, Karton, cartone, boîte";"Barilla,La Collezione d'Italia"
"8076800195019";"https://world-fr.openfoodfacts.org/produit/8076800195019";"Pâtes Capellini";"fr:Boîte,fr:Carton,fr:Emballage carton,fr:Point vert,nl:PAP 21,fr:Recyclage carton,boîte,Produkt, boîte, Paquet";"Barilla"
"8076809525435";"https://world-fr.openfoodfacts.org/produit/8076809525435";"Pâtes Capellini";"Carton,carton";"Barilla"
"8076809519960";"https://world-fr.openfoodfacts.org/produit/8076809519960";"Pâtes Casarecce";"sec,carton";"Barilla,Barilla collezione"
"8076809523707";"https://world-fr.openfoodfacts.org/produit/8076809523707";"Pâtes Castellane";"Boîte,Carton,boîte, boîte, boîte, boîte";"Barilla,La Collezione d'Italia"
"8076808140325";"https://world-fr.openfoodfacts.org/produit/8076808140325";"Pâtes Coquillettes";"Boîte,Carton,boîte, boîte";"Barilla"
"8076809514439";"https://world-fr.openfoodfacts.org/produit/8076809514439";"Pâtes Coquillettes";"Boîte,Carton,boîte";"Barilla"
"8076809532709";"https://world-fr.openfoodfacts.org/produit/8076809532709";"Pâtes Coquillettes au blé complet";"Carton";"Barilla"
"8076809570664";"https://world-fr.openfoodfacts.org/produit/8076809570664";"Pâtes Coquillettes biologiques";"carton";"Barilla"
"8076809572224";"https://world-fr.openfoodfacts.org/produit/8076809572224";"Pâtes Coquillettes cuisson 3 min";"Carton, Sachet plastique";"Barilla"
"8076809535748";"https://world-fr.openfoodfacts.org/produit/8076809535748";"Pâtes Farfalle";"Boîte,Carton,100 % recyclable";"Barilla"
"8076809532440";"https://world-fr.openfoodfacts.org/produit/8076809532440";"Pâtes Farfalle au blé complet";"Boîte,Carton,100 % recyclable,boîte, boîte, boîte, boîte, boîte, box, boîte, boîte, boîte, boîte, boîte, boîte, boîte";"Barilla"
"8076804765591";"https://world-fr.openfoodfacts.org/produit/8076804765591";"Pâtes Farfalline";"carton";"Barilla"
"8076809523776";"https://world-fr.openfoodfacts.org/produit/8076809523776";"Pâtes Fettuccine";"Karton";"Barilla"
"8076802085981";"https://world-fr.openfoodfacts.org/produit/8076802085981";"Pâtes Fusilli";"paquet,carton,karton,Packung(en),emballage, kunststoff, Produkt";"Barilla"
"8076809545860";"https://world-fr.openfoodfacts.org/produit/8076809545860";"Pâtes Fusilli";"Carton, packet, sachet";"Academia Barilla,Barilla, ACADEMIA"
"8076809570633";"https://world-fr.openfoodfacts.org/produit/8076809570633";"Pâtes Fusilli biologiques";"Carton";"Barilla"
"8076809574631";"https://world-fr.openfoodfacts.org/produit/8076809574631";"Pâtes Fusilli Bucati Corti";"carton";"Barilla"
"8076809523752";"https://world-fr.openfoodfacts.org/produit/8076809523752";"Pâtes Lasagne aux épinards";"carton, Karton, produkt";"Barilla"
"8076809576888";"https://world-fr.openfoodfacts.org/produit/8076809576888";"Pâtes Lasagnette";"boîte";"Barilla"
"8076809523509";"https://world-fr.openfoodfacts.org/produit/8076809523509";"Pâtes Linguine";"Boîte,Carton 21 (PAP),boîte,emballage, product";"Barilla"
"8076809545846";"https://world-fr.openfoodfacts.org/produit/8076809545846";"Pâtes Linguine";"Cartonnette,Boite,emballage";"Barilla,Academia Barilla,ACADEMIA"
"8076809514422";"https://world-fr.openfoodfacts.org/produit/8076809514422";"Pâtes Maccheroni";"carton,carton,boite";"Barilla"
"8076808050440";"https://world-fr.openfoodfacts.org/produit/8076808050440";"Pâtes Maccheroni";"boite,carton,karton,canette,box,boîte,Produkt,paquet, boîte, boîte, Packung(en), boîte, boîte";"Barilla"
"8076800000061";"https://world-fr.openfoodfacts.org/produit/8076800000061";"Pâtes Mafaldine";"carton,boîte";"Barilla"
"8076809521567";"https://world-fr.openfoodfacts.org/produit/8076809521567";"Pâtes Mini Farfalle";"Boîte,Carton,boîte";"Barilla,Barilla Piccolini"
"8076809521581";"https://world-fr.openfoodfacts.org/produit/8076809521581";"Pâtes Mini Penne Rigate";"Carton,Boîte";"Barilla,Barilla Piccolini"
"8076809523523";"https://world-fr.openfoodfacts.org/produit/8076809523523";"Pâtes Mini Pipe Rigate";"Boîte,Carton,boîte";"Barilla,Barilla Piccolini"
"8076809519977";"https://world-fr.openfoodfacts.org/produit/8076809519977";"Pâtes Orecchiette";"carton,boîte";"Barilla"
"8076809545884";"https://world-fr.openfoodfacts.org/produit/8076809545884";"Pâtes Orecchiette";"boite,carton";"Barilla,Academia Barilla,ACADEMIA"
"8076802085714";"https://world-fr.openfoodfacts.org/produit/8076802085714";"Pâtes Penne Lisce";"paquete, Karton";"Barilla"
"8076800105735";"https://world-fr.openfoodfacts.org/produit/8076800105735";"Pâtes Penne Rigate";"Boîte,Carton, packung(en), Boîte, boîte, boîte, boîte, karton, boîte";"Barilla"
"8076809545853";"https://world-fr.openfoodfacts.org/produit/8076809545853";"Pâtes Penne Rigate";"Boîte,Carton";"Academia Barilla,Barilla, ACADEMIA"
"8076809529433";"https://world-fr.openfoodfacts.org/produit/8076809529433";"Pâtes Penne Rigate au blé complet";"fr:Boîte,fr:Carton,nl:Groene punt,nl:PAP 21,fr:Emballage carton recyclage carton,boîte,Karton,packung(en), boîte, sachet, boîte, boîte, boîte, boîte";"Barilla"
"8076809570626";"https://world-fr.openfoodfacts.org/produit/8076809570626";"Pâtes Penne Rigate biologiques";"Boîte,Carton,Plastique, paquet, boîte";"Barilla"
"8076809572217";"https://world-fr.openfoodfacts.org/produit/8076809572217";"Pâtes Penne Rigate cuisson 3 min";"Carton";"Barilla"
"8076802085912";"https://world-fr.openfoodfacts.org/produit/8076802085912";"Pâtes Pipe Rigate";"Boîte,Carton";"Barilla"
"8076809525442";"https://world-fr.openfoodfacts.org/produit/8076809525442";"Pâtes Pipe Rigate";"boîte,carton";"Barilla"
"8076802085899";"https://world-fr.openfoodfacts.org/produit/8076802085899";"Pâtes Rigatoni";"Carton";"Barilla"
"76808004021";"https://world-fr.openfoodfacts.org/produit/0076808004021";"Pâtes Rotini Sans Gluten";"Carton";"Barilla"
"8076809529419";"https://world-fr.openfoodfacts.org/produit/8076809529419";"Pâtes Spaghetti au blé complet";"fr:Boîte,fr:Carton,nl:PAP 21,fr:Emballage carton,fr:Recyclage carton, boîte, boîte, Karton, boîte, boîte, boîte, boîte, boîte, packungen";"Barilla"
"8076809571043";"https://world-fr.openfoodfacts.org/produit/8076809571043";"Pâtes Spaghetti Rigati";"carton";"Barilla"
"8076800195033";"https://world-fr.openfoodfacts.org/produit/8076800195033";"Pâtes Spaghettini n.3";"Boîte,Carton,Karton,plastique,Packung(en)";"Barilla"
"8076808150072";"https://world-fr.openfoodfacts.org/produit/8076808150072";"Pâtes Spaghettoni";"fr:Boîte,fr:Carton 100 % recyclable,fr:paquet,fr:karton,fr:boîte en carton,Karton,en:Green dot,boîte";"Barilla"
"8076809545389";"https://world-fr.openfoodfacts.org/produit/8076809545389";"Pâtes Spaghettoni";"Boîte,Carton,fr:Emballage carton,Bocal,Packung(en)";"Barilla"
"8076809523714";"https://world-fr.openfoodfacts.org/produit/8076809523714";"Pâtes Tagliatelle";"boite,carton,boite, plastico, Packung(en), Boîte";"Barilla"
"8076809574624";"https://world-fr.openfoodfacts.org/produit/8076809574624";"Pâtes Tofarelle";"sachet plastique";"barilla, Academia"
"8076809541305";"https://world-fr.openfoodfacts.org/produit/8076809541305";"Pâtes Torsades";"Boîte,Carton,boîte";"Barilla"
"8076809500289";"https://world-fr.openfoodfacts.org/produit/8076809500289";"Pâtes Tortellini aux fromages";"sous atmosphère protectrice";"Barilla"
"8076808890015";"https://world-fr.openfoodfacts.org/produit/8076808890015";"Pâtes Tortellini jambon fromage";"Sachet,Plastique,Frais";"Barilla"
"8076802085837";"https://world-fr.openfoodfacts.org/produit/8076802085837";"Pâtes Tortiglioni";"Carton,Boîte,Karton,box,Packung(en)";"Barilla"
"8076809537711";"https://world-fr.openfoodfacts.org/produit/8076809537711";"Pâtes Trofie";"en:Boîte,en:Carton,en:boîte,en:PAP 21,en:Green dot,fr:Emballage carton,de:Verpackung Karton,fr:Recyclage carton,de:Entsorgung Altpapier, Emballage carton, carton, boîte, Verpackung Karton";"Barilla,La Collezione d'Italia"
"8076809527378";"https://world-fr.openfoodfacts.org/produit/8076809527378";"Pecorino";"Glas, vasetto";"Barilla"
"76808280739";"https://world-fr.openfoodfacts.org/produit/0076808280739";"Penne";"Box";"Barilla,Barilla America  Inc."
"8076809542395";"https://world-fr.openfoodfacts.org/produit/8076809542395";"Penne all'arrabbiata (Sauce tomate et piment)";"Barquettes plastique PP5,Film de fermeture Others 7,Emballage carton PAP 21,Sous atmosphère protectrice";"Barilla"
"8076809574976";"https://world-fr.openfoodfacts.org/produit/8076809574976";"Penne de lentilles corail";"Emballage carton,carton";"Barilla"
"8076809542401";"https://world-fr.openfoodfacts.org/produit/8076809542401";"Penne pomodoro e basilico (Sauce tomate et basilic)";"Barquettes plastique PP5,Film de fermeture Others 7,Emballage carton PAP 21,Sous atmosphère protectrice";"Barilla"
"8076809571227";"https://world-fr.openfoodfacts.org/produit/8076809571227";"Penne Rigate";"Bolsa de plastico";"Barilla"
"8076809547291";"https://world-fr.openfoodfacts.org/produit/8076809547291";"Penne Rigate";"Carton";"Barilla"
"8076809572743";"https://world-fr.openfoodfacts.org/produit/8076809572743";"Penne Rigate 5 céréales";"sec,carton";"Barilla"
"8076809546683";"https://world-fr.openfoodfacts.org/produit/8076809546683";"Penne Rigate n. 73";"Boîte,Carton 100 % recyclable,boîte";"Barilla"
"8076809546782";"https://world-fr.openfoodfacts.org/produit/8076809546782";"Penne Rigate n. 73 (Lot x 3)";"Boîte,Carton 100 % recyclable,Film plastique";"Barilla"
"8076802085738";"https://world-fr.openfoodfacts.org/produit/8076802085738";"Penne rigate n.73";"box,emballage,boîte,Karton,paquet,paquete,Packung(en),carton";"Barilla"
"8076800035735";"https://world-fr.openfoodfacts.org/produit/8076800035735";"Penne Rigate n°73 (speciale ristorazione)";"Sachet,plastique";"Barilla"
"8076809545457";"https://world-fr.openfoodfacts.org/produit/8076809545457";"Penne Rigate sans gluten";"Boîte,Carton, Boîte, Boîte, boîte";"Barilla"
"8076819544457";"https://world-fr.openfoodfacts.org/produit/8076819544457";"Penne Rigate Senza Glutine (Sans Gluten)";"Boîte,Carton";"Barilla"
"8076809531177";"https://world-fr.openfoodfacts.org/produit/8076809531177";"Pennette Rigate Integrale";"boîte,carton,plastique";"Barilla"
"8076809545396";"https://world-fr.openfoodfacts.org/produit/8076809545396";"Pesti con Basilico e Rucola";"Glas,70 GL,Metall,FE 40";"Barilla"
"8076809517751";"https://world-fr.openfoodfacts.org/produit/8076809517751";"Pesto Alla Calabrese";"Konservenglas,Glas,Glas/Gläser,Glas/Gläser";"Barilla"
"8076809570367";"https://world-fr.openfoodfacts.org/produit/8076809570367";"Pesto alla genovese";"vetro";"barilla"
"8076809572569";"https://world-fr.openfoodfacts.org/produit/8076809572569";"Pesto au basilic Vegan";"pot en verre,verre,bocal,metal,Glas";"Barilla"
"8076809568067";"https://world-fr.openfoodfacts.org/produit/8076809568067";"Pesto avec aubergines";"Bocal,Verre, Glas";"Barilla"
"8076809576581";"https://world-fr.openfoodfacts.org/produit/8076809576581";"Pesto avec légumes méditerranéens";"GL70,FE, glas";"Barilla"
"8076809576574";"https://world-fr.openfoodfacts.org/produit/8076809576574";"Pesto avec tomates séchées";"bocal";"Barilla"
"8076809568050";"https://world-fr.openfoodfacts.org/produit/8076809568050";"Pesto avec tomates séchées";"Bocal,Verre";"Barilla"
"8076809576598";"https://world-fr.openfoodfacts.org/produit/8076809576598";"Pesto basilic et courgettes";"pot";"Barilla"
"8076809541091";"https://world-fr.openfoodfacts.org/produit/8076809541091";"Pesto Pomodori Secchi";"Glass, Glaß, Produkt";"Barilla"
"8076809546669";"https://world-fr.openfoodfacts.org/produit/8076809546669";"Pesto Ricotta e Nocci";"Carton,2 Bocal,Verre,Couvercle,Conserve,Frais";"Barilla"
"8076809517881";"https://world-fr.openfoodfacts.org/produit/8076809517881";"Pesto ricotta e noci";"Glas";"Barilla"
"8076809540087";"https://world-fr.openfoodfacts.org/produit/8076809540087";"Pesto Ricotta e Noci";"Bocal,Verre,Couvercle,Métal,Conserve,Frais";"Barilla"
"4000470012110";"https://world-fr.openfoodfacts.org/produit/4000470012110";"Pesto rosso";"Glas";"Barilla"
"4071525523547";"https://world-fr.openfoodfacts.org/produit/4071525523547";"Pesto Rosso";"Barquette,Plastique";"Barilla"
"8076809568074";"https://world-fr.openfoodfacts.org/produit/8076809568074";"Pesto Rustico Mediterranes Gemüse";"Glas";"Barilla"
"8076809513746";"https://world-fr.openfoodfacts.org/produit/8076809513746";"Pesto sauce with basil";"bocal, verre, glas, Glaß, Glas/Gläser, vasetto, Glas/Gläser";"Barilla"
"8076809532372";"https://world-fr.openfoodfacts.org/produit/8076809532372";"Piadelle Sfogliate";"plastica";"Mulino Bianco,Barilla"
"4311501441190";"https://world-fr.openfoodfacts.org/produit/4311501441190";"Piccolini";"Karton";"Barilla"
"8076809523820";"https://world-fr.openfoodfacts.org/produit/8076809523820";"Piccolini mini farfalle";"Carton,boîte,plastique";"Barilla"
"8076809521628";"https://world-fr.openfoodfacts.org/produit/8076809521628";"Piccolini Mini Penne Rigate";"Karton, Packung(en)";"Barilla"
"8076809529556";"https://world-fr.openfoodfacts.org/produit/8076809529556";"Pipe Rigate Integrale 100 % Blé Complet";"Boîte,Carton";"Barilla"
"8076809542180";"https://world-fr.openfoodfacts.org/produit/8076809542180";"Pipette Rigate n. 86 (Petite Pipe Rigate)";"Boîte,Carton,100 % recyclable";"Barilla"
"8076802085868";"https://world-fr.openfoodfacts.org/produit/8076802085868";"pipette rigate n.86";"carton";"Barilla"
"8076809513395";"https://world-fr.openfoodfacts.org/produit/8076809513395";"Pomodoro";"glas, container";"Barilla"
"8076809541473";"https://world-fr.openfoodfacts.org/produit/8076809541473";"pomodoro pomodori e datterini";"barattolo di vetro";"barilla"
"8076809538480";"https://world-fr.openfoodfacts.org/produit/8076809538480";"PUTTANESCA";"TARRO,VIDRIO";"BARILLA"
"8076809541121";"https://world-fr.openfoodfacts.org/produit/8076809541121";"Puttanesca";"vasetto";"Barilla"
"8076809570879";"https://world-fr.openfoodfacts.org/produit/8076809570879";"Ragù con Speck";"2xBox";"Barilla"
"8076809525244";"https://world-fr.openfoodfacts.org/produit/8076809525244";"Ragù contadino";"Vetro,Capsula,Metallo,Vasetto,FE40,GL70";"Barilla"
"76808502947";"https://world-fr.openfoodfacts.org/produit/0076808502947";"RIGATONI";"box";"Barilla,Barilla America  Inc."
"8076809573023";"https://world-fr.openfoodfacts.org/produit/8076809573023";"Risoni Rote Linsen, Kichererbsen und Erbsen";"21 PAP";"Barilla"
"2000000048834";"https://world-fr.openfoodfacts.org/produit/2000000048834";"Ritornelli";"Carta";"Mulino  Bianco,Barilla"
"8076809536721";"https://world-fr.openfoodfacts.org/produit/8076809536721";"RITORNELLI Biscotti frollini con cacao e mandorle";"sacchetto,cartone,carta";"Mulino bianco,barilla"
"8076809523547";"https://world-fr.openfoodfacts.org/produit/8076809523547";"Rotes Pesto";"70 GL,40 FE,Glas,glas/gläser,bocal, Glas/Gläser, pot";"Barilla"
"76808000139";"https://world-fr.openfoodfacts.org/produit/0076808000139";"Rotini n. 81";"boîte";"Barilla"
"8076809538497";"https://world-fr.openfoodfacts.org/produit/8076809538497";"SALSA DE TOMATE CON PARMESANO";"TARRO,PLASTICO";"BARILLA"
"8076809570893";"https://world-fr.openfoodfacts.org/produit/8076809570893";"salsa pronta origano di Sicilia";"vetro";"Barilla"
"8076809513388";"https://world-fr.openfoodfacts.org/produit/8076809513388";"Sauce arrabbiata";"Metal,Bocal,couvercle,verre,Glas,pot,bouteille,GL 70,FE 40";"Barilla"
"8076809523660";"https://world-fr.openfoodfacts.org/produit/8076809523660";"Sauce arrabbiata";"Bocal,Verre,Couvercle,Métal,Conserve";"Barilla"
"8076809513678";"https://world-fr.openfoodfacts.org/produit/8076809513678";"Sauce bolognaise";"pot en verre,couvercle en métal,Couvercle,Glas,pot";"Barilla"
"8076809535878";"https://world-fr.openfoodfacts.org/produit/8076809535878";"Sauce bolognaise";"Pot,Verre,Couvercle,Métal,pot";"Barilla"
"8076809572552";"https://world-fr.openfoodfacts.org/produit/8076809572552";"Sauce bolognaise au soja Vegan";"Glas";"Barilla"
"8076809546362";"https://world-fr.openfoodfacts.org/produit/8076809546362";"Sauce bolognaise et fromages Italie";"bocal verre,couvercle métal,glas,bocal verre";"Barilla"
"8076809572255";"https://world-fr.openfoodfacts.org/produit/8076809572255";"Sauce bolognaise riche";"Bocal en verre";"Barilla"
"8076809541671";"https://world-fr.openfoodfacts.org/produit/8076809541671";"Sauce Bolognese Ricetta Speciale (lot de 2 x 400 g) Barilla";"carton,bocal verre,couvercle métal";"Barilla"
"8076809521529";"https://world-fr.openfoodfacts.org/produit/8076809521529";"Sauce courgette et légumes grillés";"bocal,verre,couvercle,métal, Glas, Produkt";"Barilla"
"8076809513692";"https://world-fr.openfoodfacts.org/produit/8076809513692";"Sauce napolitaine";"Pot,Verre,stück,Glas,bocal,Produkt,Jar";"Barilla"
"8076809535762";"https://world-fr.openfoodfacts.org/produit/8076809535762";"Sauce napolitaine";"Verre, glas";"Barilla"
"8076809513753";"https://world-fr.openfoodfacts.org/produit/8076809513753";"Sauce Pesto Genovese";"bocal,verre,Jar,Glass,vasetto,potje,pot,fr:Couvercle en métal";"Barilla"
"8076809574143";"https://world-fr.openfoodfacts.org/produit/8076809574143";"Sauce Pesto Genovese biologique";"verre,métal";"Barilla"
"8076809543934";"https://world-fr.openfoodfacts.org/produit/8076809543934";"Sauce provençale";"bocal verre,couvercle métal";"Barilla"
"8076809530668";"https://world-fr.openfoodfacts.org/produit/8076809530668";"Sauce tomate à la ricotta";"pot en verre";"Barilla"
"8076809572996";"https://world-fr.openfoodfacts.org/produit/8076809572996";"Sauce tomate à l'ail";"Bocal,Verre,Couvercle,Métal, Glas/Gläser";"Barilla"
"8076809536622";"https://world-fr.openfoodfacts.org/produit/8076809536622";"Sauce Tomate Arrabbiata";"Bocal,Verre";"Barilla"
"8076809523561";"https://world-fr.openfoodfacts.org/produit/8076809523561";"Sauce tomate aux herbes";"glas, brique, Glas/Gläser";"Barilla"
"é";"https://world-fr.openfoodfacts.org/produit/8076809513722";"Sauce tomate basilic";"Bocal verre,couvercle métal,Vetro,Metallo,dose,glas,Glas/Gläser";"Barilla"
"8076809535755";"https://world-fr.openfoodfacts.org/produit/8076809535755";"Sauce tomate basilic";"Pot,Verre";"Barilla"
"8076809536615";"https://world-fr.openfoodfacts.org/produit/8076809536615";"Sauce tomate basilic";"verre,bocal";"Barilla"
"8076809523653";"https://world-fr.openfoodfacts.org/produit/8076809523653";"Sauce tomate basilic";"Glas";"Barilla"
"8076809574150";"https://world-fr.openfoodfacts.org/produit/8076809574150";"Sauce tomate basilic biologique";"pot";"Barilla"
"8076809521543";"https://world-fr.openfoodfacts.org/produit/8076809521543";"Sauce tomate et ricotta";"Glas";"Barilla"
"8076809570596";"https://world-fr.openfoodfacts.org/produit/8076809570596";"Sauce tomates cuisinées";"Bocal,Verre,Couvercle metal";"Barilla"
"8076802085943";"https://world-fr.openfoodfacts.org/produit/8076802085943";"Sedani rigati";"In scatola";"Barilla"
"8076800356106";"https://world-fr.openfoodfacts.org/produit/8076800356106";"Sorprese all'uovo";"Carta";"Barilla"
"4061458003841";"https://world-fr.openfoodfacts.org/produit/4061458003841";"Spaghetti";"Beutel,Kunststoff";"Barilla Cucina,Cucina,Barilla"
"76808004007";"https://world-fr.openfoodfacts.org/produit/0076808004007";"Spaghetti";"boîte";"Barilla"
"76808020052";"https://world-fr.openfoodfacts.org/produit/0076808020052";"Spaghetti";"carton,boîte,plastique";"Barilla"
"8076809572200";"https://world-fr.openfoodfacts.org/produit/8076809572200";"Spaghetti 3 Minuti";"Sachet plastique,paquet";"Barilla"
"8076809572750";"https://world-fr.openfoodfacts.org/produit/8076809572750";"Spaghetti 5 céréales";"pack";"Barilla"
"8076809577021";"https://world-fr.openfoodfacts.org/produit/8076809577021";"Spaghetti de lentilles corail";"boîte carton,sec";"Barilla"
"8076800105056";"https://world-fr.openfoodfacts.org/produit/8076800105056";"Spaghetti n.5";"boite,carton,paquet,karton,karton-s,Packung(en)";"Barilla"
"8001850501336";"https://world-fr.openfoodfacts.org/produit/8001850501336";"Spaghetti n.5";"fr:Plastic film";"Barilla"
"8076800195057";"https://world-fr.openfoodfacts.org/produit/8076800195057";"Spaghetti n°5";"carton,Karton,21 PAP,boite,unidad,Packung(en),pacchetto,producto";"Barilla"
"8076809527682";"https://world-fr.openfoodfacts.org/produit/8076809527682";"Spaghetti N°5";"carton,boîte,plastique";"Barilla"
"8076809543101";"https://world-fr.openfoodfacts.org/produit/8076809543101";"Spaghetti n°5 barilla";"packet";"Barilla"
"2000000050687";"https://world-fr.openfoodfacts.org/produit/2000000050687";"spaghetti n5 Barilla grano duro";"carta";"Barilla"
"2000000050686";"https://world-fr.openfoodfacts.org/produit/2000000050686";"spaghetti n5 Barilla senza glutine";"carta";"Barilla"
"8076809532204";"https://world-fr.openfoodfacts.org/produit/8076809532204";"Spaghetti n5 intégrale";"sachet,plastique";"Barilla"
"8076809515191";"https://world-fr.openfoodfacts.org/produit/8076809515191";"spaghetti no 7";"plastico";"barilla"
"8076804215058";"https://world-fr.openfoodfacts.org/produit/8076804215058";"Spaghetti nº5";"Plastica,Plastic";"Barilla"
"8076809545440";"https://world-fr.openfoodfacts.org/produit/8076809545440";"Spaghetti sans gluten";"fr:Carton,nl:PAP 21,fr:Point vert,it:Astuccio cartoncino raccolta carta,carton, boîte";"Barilla"
"8076809535243";"https://world-fr.openfoodfacts.org/produit/8076809535243";"Spaghettini n.3";"plastique";"Barilla"
"76808020076";"https://world-fr.openfoodfacts.org/produit/0076808020076";"Spaghettoni n. 7";"boite carton";"Barilla"
"8076809532891";"https://world-fr.openfoodfacts.org/produit/8076809532891";"Specialità gnocchetti sardi";"Carton";"Barilla"
"2000000048836";"https://world-fr.openfoodfacts.org/produit/2000000048836";"Spicchi di sole";"carta";"Mulino Bianco,barilla"
"8076809542586";"https://world-fr.openfoodfacts.org/produit/8076809542586";"Spicchi di Sole";"Carta";"Barilla,Mulino Bianco"
"8076809573344";"https://world-fr.openfoodfacts.org/produit/8076809573344";"Spighe integrali";"paquet";"Barilla"
"8007290130747";"https://world-fr.openfoodfacts.org/produit/8007290130747";"Stelline N°74";"Produkt";"Barilla"
"8076809513456";"https://world-fr.openfoodfacts.org/produit/8076809513456";"sugo con pomodoro e basilico";"vetro";"Barilla"
"8076808201064";"https://world-fr.openfoodfacts.org/produit/8076808201064";"Tagliatelle all'uovo";"Boite";"Barilla"
"8076809571586";"https://world-fr.openfoodfacts.org/produit/8076809571586";"Tagliatelle sans gluten";"product, boîte";"Barilla "
"8076809523721";"https://world-fr.openfoodfacts.org/produit/8076809523721";"Tagliatelles aux épinards";"sec,carton";"Barilla,barilla collezione"
"8076809572828";"https://world-fr.openfoodfacts.org/produit/8076809572828";"Tarallucci";"Sac papier";"Barilla, Mulino Bianco"
"8076809507103";"https://world-fr.openfoodfacts.org/produit/8076809507103";"Tarallucci";"Carta";"Barilla,Mulino Bianco"
"3228850001283";"https://world-fr.openfoodfacts.org/produit/3228850001283";"Toasts briochés pour foie gras";"Frais,Sachet plastique, paquet";"Harrys,Barilla"
"3228850000071";"https://world-fr.openfoodfacts.org/produit/3228850000071";"Toasts pour canapés";"sachet";"Harrys,Barilla"
"8076809529631";"https://world-fr.openfoodfacts.org/produit/8076809529631";"Torinesi";"carton";"Barilla"
"8076809532716";"https://world-fr.openfoodfacts.org/produit/8076809532716";"Torsades Integrale 100% Blé complet ";"Boîte,Carton";"Barilla"
"8076809241489";"https://world-fr.openfoodfacts.org/produit/8076809241489";"Tortellini Emiliani";"Sachet,Plastique,Frais";"Barilla"
"8076809546041";"https://world-fr.openfoodfacts.org/produit/8076809546041";"Tortellini viande et sauce tomate";"Carton,Barquette,Plastique";"Barilla"
"8076809571210";"https://world-fr.openfoodfacts.org/produit/8076809571210";"Tortiglioni";"Bolsa de plastico";"Barilla"
"76808518290";"https://world-fr.openfoodfacts.org/produit/0076808518290";"Tri-color rotini, enriched macaroni product";"box";"Barilla,Barilla America  Inc."
"8076809569408";"https://world-fr.openfoodfacts.org/produit/8076809569408";"Vitlök & Örter";"GL 70,Glass,Jar,FE 40,Metal,Cap";"Barilla"
"7300400245005";"https://world-fr.openfoodfacts.org/produit/7300400245005";"Wasa Frukost";"papier";"Wasa,Barilla"
"7300400126021";"https://world-fr.openfoodfacts.org/produit/7300400126021";"Wasa Julknäcke";"81 PapPet,Green dot";"Wasa,Barilla"
"7300400121187";"https://world-fr.openfoodfacts.org/produit/7300400121187";"Wasa Krögarens";"81 PapPet,Green dot";"Wasa,Barilla"
"76808280746";"https://world-fr.openfoodfacts.org/produit/0076808280746";"Ziti pasta";"box";"Barilla, Barilla America  Inc."
"14451810";"https://world-fr.openfoodfacts.org/produit/14451810";"πέννες από κόκκινες φακές";"paper";"barilla"
"3400932913282";"https://ddsd";"Biseptine";"plastique";"Biseptine"
"7613035833302";"https://world-fr.openfoodfacts.org/produit/3017627454106";"Perrier fines bulles";"Bouteille, plastique";"Perrier"
